date,11th_Street_Congestion_Index,11th_Street_Congestion_Length,11th_Street_average_speed,Eight_Ke_line_Congestion_Index,Eight_Ke_line_Congestion_Length,Eight_Ke_line_average_speed,Binsheng_Road_Congestion_Index,Binsheng_Road_Congestion_Length,Binsheng_Road_average_speed
2024/1/22 0:00,1.051,0,34.157,1.121,0.00,30.836,1.071,0.00,30.098
2024/1/22 0:05,1.071,0,33.537,1.130,0.00,30.581,1.063,0.00,30.322
2024/1/22 0:10,1.077,0,33.339,1.126,0.00,30.686,1.065,0.00,30.273
2024/1/22 0:15,1.074,0,33.427,1.071,0.00,32.268,1.073,0.00,30.045
2024/1/22 0:20,1.084,0,33.117,1.032,0.00,33.480,1.069,0.00,30.157
2024/1/22 0:25,1.038,0,34.579,1.060,0.04,32.604,1.067,0.00,30.199
2024/1/22 0:30,1.032,0,34.805,1.057,0.00,32.698,1.070,0.00,30.127
2024/1/22 0:35,1.099,0,32.681,1.106,0.00,31.235,1.073,0.00,30.037
2024/1/22 0:40,1.091,0,32.908,1.133,0.00,30.486,1.070,0.00,30.140
2024/1/22 0:45,1.042,0,34.473,1.096,0.00,31.529,1.052,0.00,30.631
2024/1/22 0:50,1.072,0,33.482,1.090,0.00,31.712,1.054,0.00,30.582
2024/1/22 0:55,1.119,0,32.087,1.084,0.00,31.876,1.048,0.00,30.768
2024/1/22 1:00,1.097,0,32.74,1.060,0.00,32.597,1.046,0.00,30.806
2024/1/22 1:05,1.079,0,33.275,1.081,0.00,31.960,1.055,0.00,30.550
2024/1/22 1:10,1.063,0,33.79,1.132,0.00,30.536,1.067,0.00,30.206
2024/1/22 1:15,1.039,0,34.554,1.096,0.00,31.526,1.062,0.00,30.361
2024/1/22 1:20,1.01,0,35.559,1.053,0.00,32.814,1.064,0.00,30.301
2024/1/22 1:25,1.008,0,35.635,1.115,0.00,30.978,1.046,0.00,30.824
2024/1/22 1:30,1.031,0,34.839,1.140,0.00,30.307,1.055,0.00,30.561
2024/1/22 1:35,1.028,0,34.945,1.097,0.00,31.489,1.064,0.00,30.300
2024/1/22 1:40,1.036,0,34.66,1.068,0.00,32.365,1.067,0.00,30.220
2024/1/22 1:45,1.021,0,35.168,1.057,0.00,32.690,1.042,0.00,30.942
2024/1/22 1:50,1.002,0,35.843,1.053,0.00,32.802,1.037,0.00,31.092
2024/1/22 1:55,1.019,0,35.241,1.062,0.00,32.548,1.042,0.00,30.940
2024/1/22 2:00,1.045,0,34.373,1.103,0.00,31.328,1.045,0.00,30.850
2024/1/22 2:05,1.04,0,34.515,1.097,0.00,31.502,1.039,0.00,31.031
2024/1/22 2:10,1.012,0,35.47,1.051,0.00,32.882,1.066,0.00,30.252
2024/1/22 2:15,1.025,0,35.028,1.000,0.00,35.506,1.056,0.00,30.514
2024/1/22 2:20,1.04,0,34.533,1.021,0.00,33.827,1.056,0.00,30.538
2024/1/22 2:25,1.042,0,34.457,1.042,0.00,33.150,1.040,0.00,30.990
2024/1/22 2:30,1.053,0,34.114,1.045,0.00,33.069,1.016,0.00,31.719
2024/1/22 2:35,1.038,0,34.603,1.051,0.00,32.876,1.030,0.00,31.312
2024/1/22 2:40,1.019,0,35.224,1.053,0.00,32.810,1.018,0.00,31.665
2024/1/22 2:45,1.02,0,35.192,1.046,0.00,33.045,1.048,0.00,30.750
2024/1/22 2:50,1.034,0,34.723,1.056,0.00,32.711,1.048,0.00,30.748
2024/1/22 2:55,1.037,0,34.618,1.066,0.00,32.420,1.052,0.00,30.648
2024/1/22 3:00,1.037,0,34.64,1.088,0.00,31.753,1.023,0.00,31.504
2024/1/22 3:05,1.024,0,35.074,1.116,0.00,30.954,1.008,0.00,31.982
2024/1/22 3:10,1.024,0,35.06,1.120,0.00,30.854,1.031,0.00,31.270
2024/1/22 3:15,1.023,0,35.091,1.097,0.00,31.495,1.026,0.00,31.421
2024/1/22 3:20,1.021,0,35.161,1.096,0.00,31.534,1.024,0.00,31.476
2024/1/22 3:25,1.045,0,34.345,1.073,0.00,32.200,1.024,0.00,31.488
2024/1/22 3:30,1.051,0,34.163,1.037,0.00,33.313,1.039,0.00,31.013
2024/1/22 3:35,1.057,0,33.966,1.027,0.00,33.653,1.035,0.00,31.141
2024/1/22 3:40,1.041,0,34.485,1.053,0.00,32.809,1.025,0.00,31.442
2024/1/22 3:45,1.041,0,34.48,1.075,0.00,32.156,1.017,0.00,31.696
2024/1/22 3:50,1.044,0,34.384,1.099,0.00,31.436,1.029,0.00,31.314
2024/1/22 3:55,1.025,0,35.036,1.111,0.00,31.102,1.042,0.00,30.936
2024/1/22 4:00,1.005,0,35.725,1.106,0.00,31.237,1.048,0.00,30.762
2024/1/22 4:05,1.011,0,35.517,1.057,0.00,32.680,1.044,0.00,30.870
2024/1/22 4:10,1.017,0,35.295,1.024,0.00,33.741,1.039,0.00,31.018
2024/1/22 4:15,1.055,0,34.044,1.024,0.00,33.741,1.049,0.00,30.729
2024/1/22 4:20,1.079,0,33.289,1.024,0.00,33.741,1.060,0.00,30.423
2024/1/22 4:25,1.07,0,33.57,1.024,0.00,33.741,1.070,0.00,30.130
2024/1/22 4:30,1.024,0,35.065,1.024,0.00,33.741,1.090,0.00,29.566
2024/1/22 4:35,1.006,0,35.703,1.045,0.04,33.063,1.065,0.00,30.278
2024/1/22 4:40,1.012,0,35.477,1.060,0.00,32.605,1.040,0.00,30.986
2024/1/22 4:45,1.035,0,34.68,1.086,0.00,31.822,1.043,0.00,30.896
2024/1/22 4:50,1.05,0,34.208,1.094,0.00,31.572,1.020,0.00,31.594
2024/1/22 4:55,1.029,0,34.894,1.056,0.00,32.737,1.022,0.00,31.527
2024/1/22 5:00,1,0,36.06,1.023,0.00,33.780,1.041,0.00,30.971
2024/1/22 5:05,1,0,36.139,1.055,0.00,32.758,1.028,0.00,31.372
2024/1/22 5:10,1,0,36.1,1.078,0.00,32.048,1.040,0.00,31.003
2024/1/22 5:15,1,0,36.029,1.055,0.00,32.768,1.041,0.00,30.961
2024/1/22 5:20,1.025,0,35.039,1.076,0.00,32.112,1.039,0.00,31.036
2024/1/22 5:25,1.027,0,34.959,1.083,0.00,31.919,1.020,0.00,31.597
2024/1/22 5:30,1.035,0,34.699,1.046,0.00,33.038,1.037,0.00,31.073
2024/1/22 5:35,1.083,0,33.168,1.049,0.00,32.929,1.039,0.00,31.025
2024/1/22 5:40,1.138,0,31.556,1.102,0.00,31.346,1.034,0.00,31.176
2024/1/22 5:45,1.059,0,33.914,1.144,0.00,30.216,1.045,0.00,30.840
2024/1/22 5:50,1,0,36.314,1.135,0.00,30.435,1.035,0.00,31.135
2024/1/22 5:55,1.073,0,33.474,1.128,0.00,30.625,1.034,0.00,31.168
2024/1/22 6:00,1.134,0,31.658,1.129,0.00,30.597,1.049,0.00,30.720
2024/1/22 6:05,1.094,0,32.821,1.119,0.00,30.875,1.034,0.00,31.181
2024/1/22 6:10,1.054,0,34.068,1.145,0.00,30.179,1.050,0.00,30.712
2024/1/22 6:15,1.096,0,32.763,1.147,0.00,30.123,1.061,0.00,30.389
2024/1/22 6:20,1.156,0,31.069,1.140,0.01,30.313,1.075,0.00,29.980
2024/1/22 6:25,1.166,0,30.798,1.125,0.00,30.704,1.087,0.00,29.646
2024/1/22 6:30,1.176,0,30.542,1.116,0.00,30.972,1.111,0.00,29.017
2024/1/22 6:35,1.163,0,30.866,1.120,0.00,30.858,1.126,0.00,28.638
2024/1/22 6:40,1.109,0,32.378,1.125,0.00,30.721,1.091,0.00,29.538
2024/1/22 6:45,1.072,0,33.501,1.130,0.00,30.575,1.073,0.00,30.041
2024/1/22 6:50,1.067,0,33.667,1.142,0.00,30.254,1.108,0.00,29.096
2024/1/22 6:55,1.072,0,33.509,1.147,0.00,30.133,1.114,0.00,28.940
2024/1/22 7:00,1.099,0,32.671,1.128,0.00,30.622,1.096,0.00,29.418
2024/1/22 7:05,1.109,0,32.385,1.130,0.00,30.581,1.086,0.00,29.685
2024/1/22 7:10,1.104,0,32.538,1.127,0.00,30.666,1.091,0.00,29.539
2024/1/22 7:15,1.101,0,32.608,1.123,0.00,30.779,1.111,0.00,29.021
2024/1/22 7:20,1.105,0,32.482,1.117,0.00,30.935,1.111,0.00,29.018
2024/1/22 7:25,1.101,0,32.608,1.119,0.00,30.887,1.115,0.00,28.900
2024/1/22 7:30,1.057,0,33.971,1.127,0.00,30.654,1.115,0.00,28.902
2024/1/22 7:35,1.084,0,33.118,1.130,0.00,30.591,1.105,0.00,29.161
2024/1/22 7:40,1.07,0,33.554,1.150,0.00,30.039,1.113,0.00,28.971
2024/1/22 7:45,1.075,0,33.395,1.257,0.12,27.495,1.115,0.00,28.902
2024/1/22 7:50,1.102,0,32.575,1.318,0.15,26.217,1.245,0.18,25.899
2024/1/22 7:55,1.107,0,32.435,1.143,0.00,30.229,1.293,0.18,24.930
2024/1/22 8:00,1.118,0,32.121,1.135,0.00,30.457,1.277,0.36,25.251
2024/1/22 8:05,1.091,0,32.926,1.121,0.00,30.820,1.198,0.24,26.903
2024/1/22 8:10,1.092,0,32.88,1.117,0.00,30.946,1.425,0.44,22.621
2024/1/22 8:15,1.091,0,32.899,1.135,0.00,30.444,1.188,0.09,27.146
2024/1/22 8:20,1.081,0,33.215,1.148,0.00,30.104,1.150,0.04,28.028
2024/1/22 8:25,1.102,0,32.586,1.131,0.00,30.540,1.113,0.01,28.959
2024/1/22 8:30,1.084,0,33.112,1.135,0.00,30.452,1.091,0.00,29.555
2024/1/22 8:35,1.077,0,33.342,1.130,0.00,30.577,1.103,0.00,29.216
2024/1/22 8:40,1.086,0,33.049,1.128,0.00,30.629,1.081,0.00,29.824
2024/1/22 8:45,1.088,0,32.995,1.125,0.00,30.713,1.093,0.00,29.497
2024/1/22 8:50,1.08,0,33.241,1.122,0.00,30.784,1.097,0.00,29.396
2024/1/22 8:55,1.093,0,32.843,1.110,0.00,31.125,1.086,0.01,29.694
2024/1/22 9:00,1.086,0,33.076,1.124,0.00,30.730,1.127,0.01,28.610
2024/1/22 9:05,1.085,0,33.102,1.125,0.00,30.707,1.141,0.00,28.251
2024/1/22 9:10,1.084,0,33.126,1.148,0.02,30.093,1.269,0.20,25.393
2024/1/22 9:15,1.096,0,32.752,1.143,0.00,30.243,1.197,0.10,26.940
2024/1/22 9:20,1.108,0,32.401,1.136,0.00,30.430,1.270,0.20,25.376
2024/1/22 9:25,1.093,0,32.849,1.139,0.00,30.326,1.165,0.05,27.681
2024/1/22 9:30,1.09,0,32.928,1.131,0.00,30.562,1.119,0.00,28.814
2024/1/22 9:35,1.101,0,32.614,1.117,0.00,30.944,1.126,0.00,28.622
2024/1/22 9:40,1.072,0,33.481,1.113,0.00,31.053,1.116,0.00,28.896
2024/1/22 9:45,1.081,0,33.226,1.137,0.00,30.403,1.124,0.00,28.682
2024/1/22 9:50,1.1,0,32.629,1.138,0.00,30.356,1.266,0.20,25.455
2024/1/22 9:55,1.096,0,32.765,1.145,0.00,30.166,1.267,0.20,25.449
2024/1/22 10:00,1.104,0,32.51,1.134,0.00,30.479,1.375,0.24,23.452
2024/1/22 10:05,1.088,0,33.005,1.118,0.00,30.909,1.723,0.38,18.705
2024/1/22 10:10,1.105,0,32.489,1.123,0.00,30.757,1.454,0.15,22.175
2024/1/22 10:15,1.131,0,31.746,1.118,0.00,30.900,1.174,0.09,27.449
2024/1/22 10:20,1.109,0,32.389,1.132,0.00,30.519,1.352,0.14,23.849
2024/1/22 10:25,1.111,0,32.311,1.130,0.00,30.575,1.450,0.20,22.236
2024/1/22 10:30,1.092,0,32.88,1.128,0.00,30.629,1.183,0.05,27.255
2024/1/22 10:35,1.079,0,33.272,1.117,0.00,30.939,1.122,0.00,28.728
2024/1/22 10:40,1.095,0,32.802,1.114,0.01,31.018,1.107,0.00,29.125
2024/1/22 10:45,1.108,0,32.393,1.121,0.00,30.838,1.100,0.02,29.306
2024/1/22 10:50,1.123,0,31.987,1.126,0.00,30.683,1.149,0.07,28.055
2024/1/22 10:55,1.114,0,32.244,1.133,0.00,30.493,1.219,0.16,26.446
2024/1/22 11:00,1.104,0,32.511,1.118,0.00,30.893,1.228,0.17,26.253
2024/1/22 11:05,1.106,0,32.469,1.116,0.00,30.965,1.249,0.20,25.801
2024/1/22 11:10,1.11,0,32.335,1.132,0.00,30.525,1.227,0.16,26.273
2024/1/22 11:15,1.141,0,31.457,1.108,0.00,31.174,1.097,0.00,29.379
2024/1/22 11:20,1.106,0,32.471,1.109,0.00,31.170,1.098,0.00,29.351
2024/1/22 11:25,1.094,0,32.828,1.112,0.00,31.067,1.136,0.00,28.371
2024/1/22 11:30,1.066,0,33.683,1.114,0.00,31.021,1.121,0.00,28.757
2024/1/22 11:35,1.085,0,33.08,1.123,0.00,30.757,1.109,0.00,29.055
2024/1/22 11:40,1.096,0,32.749,1.124,0.00,30.730,1.110,0.00,29.048
2024/1/22 11:45,1.096,0,32.753,1.133,0.00,30.505,1.108,0.00,29.095
2024/1/22 11:50,1.138,0,31.544,1.134,0.00,30.460,1.100,0.00,29.303
2024/1/22 11:55,1.085,0,33.107,1.119,0.00,30.876,1.110,0.00,29.049
2024/1/22 12:00,1.085,0,33.095,1.114,0.00,31.028,1.121,0.00,28.756
2024/1/22 12:05,1.11,0,32.347,1.128,0.00,30.644,1.113,0.00,28.954
2024/1/22 12:10,1.112,0,32.287,1.127,0.00,30.649,1.108,0.00,29.096
2024/1/22 12:15,1.08,0,33.241,1.125,0.00,30.726,1.111,0.00,29.015
2024/1/22 12:20,1.107,0,32.449,1.123,0.00,30.779,1.121,0.00,28.755
2024/1/22 12:25,1.111,0,32.31,1.129,0.00,30.612,1.122,0.00,28.727
2024/1/22 12:30,1.088,0,32.996,1.127,0.00,30.657,1.119,0.00,28.820
2024/1/22 12:35,1.091,0,32.912,1.131,0.00,30.539,1.143,0.00,28.210
2024/1/22 12:40,1.102,0,32.581,1.130,0.00,30.566,1.118,0.00,28.843
2024/1/22 12:45,1.089,0,32.971,1.134,0.00,30.472,1.115,0.00,28.899
2024/1/22 12:50,1.102,0,32.588,1.125,0.00,30.704,1.114,0.00,28.933
2024/1/22 12:55,1.097,0,32.724,1.130,0.00,30.582,1.135,0.00,28.403
2024/1/22 13:00,1.107,0,32.435,1.116,0.00,30.968,1.127,0.00,28.594
2024/1/22 13:05,1.104,0,32.537,1.097,0.00,31.504,1.099,0.00,29.320
2024/1/22 13:10,1.079,0,33.265,1.113,0.00,31.047,1.094,0.00,29.465
2024/1/22 13:15,1.063,0,33.781,1.116,0.00,30.963,1.102,0.00,29.256
2024/1/22 13:20,1.084,0,33.116,1.092,0.00,31.640,1.083,0.00,29.771
2024/1/22 13:25,1.071,0,33.53,1.097,0.00,31.498,1.082,0.00,29.795
2024/1/22 13:30,1.079,0,33.269,1.102,0.00,31.353,1.154,0.08,27.923
2024/1/22 13:35,1.102,0,32.586,1.095,0.00,31.544,1.196,0.15,26.950
2024/1/22 13:40,1.071,0,33.54,1.087,0.00,31.786,1.126,0.05,28.637
2024/1/22 13:45,1.063,0,33.768,1.099,0.00,31.437,1.092,0.00,29.509
2024/1/22 13:50,1.075,0,33.399,1.091,0.00,31.678,1.118,0.00,28.831
2024/1/22 13:55,1.081,0,33.225,1.132,0.00,30.527,1.106,0.00,29.156
2024/1/22 14:00,1.062,0,33.796,1.113,0.00,31.050,1.108,0.00,29.088
2024/1/22 14:05,1.08,0,33.247,1.113,0.00,31.037,1.105,0.00,29.167
2024/1/22 14:10,1.094,0,32.819,1.107,0.00,31.206,1.120,0.00,28.791
2024/1/22 14:15,1.079,0,33.29,1.123,0.00,30.763,1.154,0.05,27.934
2024/1/22 14:20,1.087,0,33.025,1.139,0.00,30.324,1.149,0.05,28.056
2024/1/22 14:25,1.067,0,33.655,1.132,0.00,30.513,1.115,0.00,28.924
2024/1/22 14:30,1.076,0,33.384,1.126,0.00,30.691,1.123,0.02,28.712
2024/1/22 14:35,1.081,0,33.211,1.117,0.00,30.946,1.121,0.00,28.744
2024/1/22 14:40,1.071,0,33.531,1.118,0.00,30.907,1.176,0.11,27.407
2024/1/22 14:45,1.062,0,33.817,1.124,0.00,30.743,1.148,0.04,28.078
2024/1/22 14:50,1.076,0,33.366,1.110,0.00,31.141,1.119,0.00,28.796
2024/1/22 14:55,1.067,0,33.643,1.110,0.00,31.128,1.124,0.00,28.669
2024/1/22 15:00,1.073,0,33.466,1.138,0.00,30.375,1.121,0.00,28.755
2024/1/22 15:05,1.088,0,32.997,1.129,0.00,30.614,1.122,0.00,28.718
2024/1/22 15:10,1.099,0,32.679,1.125,0.00,30.727,1.105,0.00,29.165
2024/1/22 15:15,1.112,0,32.303,1.127,0.00,30.649,1.111,0.00,29.027
2024/1/22 15:20,1.113,0,32.271,1.132,0.00,30.514,1.111,0.00,29.011
2024/1/22 15:25,1.102,0,32.569,1.129,0.00,30.608,1.131,0.00,28.507
2024/1/22 15:30,1.093,0,32.849,1.124,0.00,30.746,1.121,0.00,28.752
2024/1/22 15:35,1.119,0,32.075,1.128,0.00,30.619,1.126,0.00,28.637
2024/1/22 15:40,1.124,0,31.937,1.134,0.00,30.469,1.232,0.12,26.175
2024/1/22 15:45,1.1,0,32.638,1.135,0.00,30.436,1.195,0.08,26.983
2024/1/22 15:50,1.113,0,32.259,1.131,0.00,30.545,1.127,0.00,28.604
2024/1/22 15:55,1.088,0,33.011,1.133,0.00,30.494,1.129,0.00,28.545
2024/1/22 16:00,1.103,0,32.558,1.131,0.00,30.561,1.120,0.00,28.788
2024/1/22 16:05,1.097,0,32.736,1.124,0.00,30.752,1.124,0.00,28.670
2024/1/22 16:10,1.09,0,32.954,1.124,0.00,30.755,1.142,0.00,28.229
2024/1/22 16:15,1.105,0,32.482,1.129,0.00,30.603,1.128,0.00,28.577
2024/1/22 16:20,1.098,0,32.688,1.163,0.00,29.716,1.129,0.00,28.547
2024/1/22 16:25,1.112,0,32.305,1.141,0.00,30.287,1.133,0.00,28.451
2024/1/22 16:30,1.093,0,32.856,1.126,0.00,30.684,1.117,0.00,28.849
2024/1/22 16:35,1.121,0,32.044,1.125,0.00,30.707,1.145,0.00,28.160
2024/1/22 16:40,1.123,0,31.974,1.126,0.01,30.689,1.180,0.00,27.314
2024/1/22 16:45,1.102,0,32.58,1.130,0.01,30.566,1.153,0.00,27.959
2024/1/22 16:50,1.104,0,32.522,1.174,0.04,29.440,1.141,0.00,28.250
2024/1/22 16:55,1.11,0,32.336,1.133,0.00,30.485,1.124,0.00,28.669
2024/1/22 17:00,1.133,0,31.68,1.134,0.00,30.468,1.189,0.00,27.112
2024/1/22 17:05,1.132,0,31.719,1.128,0.00,30.633,1.128,0.00,28.585
2024/1/22 17:10,1.113,0,32.261,1.131,0.00,30.552,1.114,0.00,28.946
2024/1/22 17:15,1.114,0,32.243,1.325,0.15,26.084,1.118,0.00,28.845
2024/1/22 17:20,1.128,0,31.832,1.353,0.19,25.538,1.180,0.09,27.324
2024/1/22 17:25,1.108,0,32.4,1.217,0.08,28.389,1.138,0.00,28.332
2024/1/22 17:30,1.132,0,31.725,1.172,0.02,29.478,1.157,0.00,27.856
2024/1/22 17:35,1.126,0,31.882,1.185,0.00,29.165,1.135,0.00,28.391
2024/1/22 17:40,1.112,0,32.295,1.176,0.00,29.375,1.134,0.00,28.429
2024/1/22 17:45,1.123,0,31.982,1.155,0.00,29.919,1.136,0.00,28.382
2024/1/22 17:50,1.107,0,32.428,1.135,0.00,30.449,1.135,0.00,28.412
2024/1/22 17:55,1.106,0,32.476,1.124,0.00,30.743,1.127,0.00,28.599
2024/1/22 18:00,1.108,0,32.393,1.124,0.00,30.745,1.143,0.00,28.214
2024/1/22 18:05,1.117,0,32.148,1.130,0.00,30.571,1.139,0.00,28.312
2024/1/22 18:10,1.104,0,32.512,1.132,0.00,30.534,1.135,0.00,28.406
2024/1/22 18:15,1.103,0,32.555,1.129,0.00,30.595,1.140,0.00,28.279
2024/1/22 18:20,1.103,0,32.542,1.115,0.00,30.985,1.137,0.00,28.356
2024/1/22 18:25,1.104,0,32.527,1.127,0.00,30.660,1.141,0.00,28.243
2024/1/22 18:30,1.099,0,32.67,1.123,0.00,30.779,1.139,0.00,28.303
2024/1/22 18:35,1.104,0,32.525,1.131,0.00,30.550,1.115,0.01,28.921
2024/1/22 18:40,1.116,0,32.167,1.142,0.00,30.265,1.117,0.00,28.850
2024/1/22 18:45,1.126,0,31.899,1.136,0.00,30.412,1.111,0.00,29.018
2024/1/22 18:50,1.154,0,31.106,1.145,0.00,30.191,1.130,0.00,28.520
2024/1/22 18:55,1.13,0,31.783,1.152,0.00,29.996,1.127,0.00,28.603
2024/1/22 19:00,1.14,0,31.496,1.140,0.00,30.298,1.112,0.00,28.984
2024/1/22 19:05,1.081,0,33.22,1.123,0.00,30.761,1.124,0.00,28.682
2024/1/22 19:10,1.079,0,33.265,1.114,0.00,31.022,1.145,0.00,28.147
2024/1/22 19:15,1.086,0,33.065,1.113,0.00,31.036,1.141,0.00,28.243
2024/1/22 19:20,1.1,0,32.641,1.120,0.00,30.839,1.122,0.00,28.737
2024/1/22 19:25,1.131,0,31.736,1.127,0.00,30.669,1.129,0.00,28.542
2024/1/22 19:30,1.115,0,32.214,1.131,0.00,30.559,1.136,0.00,28.385
2024/1/22 19:35,1.108,0,32.42,1.125,0.00,30.715,1.120,0.00,28.774
2024/1/22 19:40,1.088,0,33.007,1.125,0.00,30.726,1.129,0.00,28.554
2024/1/22 19:45,1.086,0,33.054,1.111,0.00,31.093,1.132,0.00,28.486
2024/1/22 19:50,1.12,0,32.059,1.113,0.00,31.042,1.114,0.00,28.933
2024/1/22 19:55,1.107,0,32.45,1.093,0.00,31.616,1.104,0.00,29.208
2024/1/22 20:00,1.115,0,32.191,1.094,0.00,31.571,1.120,0.00,28.775
2024/1/22 20:05,1.114,0,32.239,1.091,0.00,31.667,1.141,0.00,28.262
2024/1/22 20:10,1.122,0,32.011,1.094,0.00,31.582,1.158,0.00,27.848
2024/1/22 20:15,1.107,0,32.449,1.109,0.00,31.146,1.113,0.00,28.959
2024/1/22 20:20,1.103,0,32.547,1.110,0.00,31.122,1.117,0.00,28.851
2024/1/22 20:25,1.094,0,32.824,1.111,0.00,31.098,1.125,0.00,28.662
2024/1/22 20:30,1.109,0,32.365,1.107,0.00,31.222,1.125,0.00,28.644
2024/1/22 20:35,1.102,0,32.598,1.112,0.00,31.080,1.125,0.00,28.654
2024/1/22 20:40,1.066,0,33.699,1.111,0.00,31.103,1.129,0.00,28.552
2024/1/22 20:45,1.067,0,33.637,1.112,0.00,31.066,1.147,0.00,28.098
2024/1/22 20:50,1.104,0,32.534,1.106,0.00,31.233,1.146,0.00,28.121
2024/1/22 20:55,1.098,0,32.689,1.094,0.00,31.592,1.119,0.00,28.813
2024/1/22 21:00,1.098,0,32.703,1.107,0.00,31.226,1.116,0.00,28.898
2024/1/22 21:05,1.097,0,32.743,1.122,0.00,30.794,1.100,0.00,29.306
2024/1/22 21:10,1.107,0,32.449,1.121,0.00,30.816,1.125,0.00,28.651
2024/1/22 21:15,1.1,0,32.65,1.089,0.00,31.743,1.147,0.00,28.097
2024/1/22 21:20,1.085,0,33.092,1.096,0.00,31.515,1.151,0.05,28.002
2024/1/22 21:25,1.087,0,33.029,1.109,0.00,31.168,1.102,0.00,29.255
2024/1/22 21:30,1.065,0,33.703,1.106,0.00,31.233,1.115,0.00,28.905
2024/1/22 21:35,1.059,0,33.896,1.112,0.00,31.084,1.127,0.00,28.607
2024/1/22 21:40,1.044,0,34.4,1.105,0.00,31.258,1.134,0.00,28.432
2024/1/22 21:45,1.059,0,33.91,1.128,0.00,30.635,1.111,0.00,29.010
2024/1/22 21:50,1.062,0,33.825,1.108,0.00,31.182,1.100,0.00,29.311
2024/1/22 21:55,1.086,0,33.079,1.110,0.00,31.140,1.120,0.00,28.771
2024/1/22 22:00,1.069,0,33.603,1.102,0.00,31.356,1.118,0.00,28.842
2024/1/22 22:05,1.064,0,33.733,1.113,0.00,31.049,1.126,0.00,28.622
2024/1/22 22:10,1.058,0,33.923,1.118,0.00,30.910,1.098,0.00,29.359
2024/1/22 22:15,1.066,0,33.682,1.118,0.00,30.912,1.100,0.00,29.309
2024/1/22 22:20,1.091,0,32.902,1.089,0.00,31.739,1.101,0.00,29.290
2024/1/22 22:25,1.094,0,32.825,1.065,0.00,32.460,1.116,0.00,28.875
2024/1/22 22:30,1.088,0,33.001,1.055,0.00,32.757,1.100,0.00,29.301
2024/1/22 22:35,1.046,0,34.315,1.080,0.00,31.990,1.091,0.00,29.537
2024/1/22 22:40,1.05,0,34.21,1.116,0.00,30.952,1.076,0.00,29.964
2024/1/22 22:45,1.062,0,33.81,1.112,0.00,31.071,1.077,0.00,29.940
2024/1/22 22:50,1.072,0,33.506,1.080,0.00,31.985,1.098,0.00,29.357
2024/1/22 22:55,1.08,0,33.256,1.080,0.00,31.987,1.069,0.00,30.150
2024/1/23 0:00,1.073,0,33.467,1.137,0.00,30.402,1.075,0.00,29.994
2024/1/23 0:05,1.056,0,34.018,1.110,0.00,31.132,1.071,0.00,30.089
2024/1/23 0:10,1.021,0,35.177,1.081,0.00,31.951,1.072,0.00,30.060
2024/1/23 0:15,1.064,0,33.753,1.054,0.00,32.781,1.087,0.00,29.662
2024/1/23 0:20,1.069,0,33.594,1.027,0.00,33.630,1.083,0.00,29.772
2024/1/23 0:25,1.102,0,32.579,1.073,0.00,32.196,1.062,0.05,30.357
2024/1/23 0:30,1.068,0,33.635,1.113,0.00,31.045,1.082,0.00,29.802
2024/1/23 0:35,1.038,0,34.595,1.127,0.00,30.658,1.083,0.00,29.754
2024/1/23 0:40,1.049,0,34.227,1.104,0.00,31.305,1.085,0.00,29.706
2024/1/23 0:45,1.092,0,32.878,1.076,0.00,32.123,1.058,0.00,30.457
2024/1/23 0:50,1.063,0,33.77,1.100,0.00,31.415,1.049,0.00,30.731
2024/1/23 0:55,1.019,0,35.23,1.124,0.00,30.735,1.068,0.00,30.175
2024/1/23 1:00,1.032,0,34.808,1.095,0.01,31.558,1.056,0.00,30.513
2024/1/23 1:05,1.039,0,34.564,1.061,0.04,32.559,1.069,0.00,30.154
2024/1/23 1:10,1.042,0,34.469,1.098,0.02,31.464,1.061,0.00,30.371
2024/1/23 1:15,1.028,0,34.928,1.140,0.00,30.322,1.054,0.00,30.592
2024/1/23 1:20,1.035,0,34.695,1.093,0.00,31.613,1.051,0.00,30.681
2024/1/23 1:25,1.051,0,34.17,1.072,0.00,32.220,1.045,0.00,30.836
2024/1/23 1:30,1.053,0,34.11,1.069,0.00,32.327,1.048,0.00,30.767
2024/1/23 1:35,1.035,0,34.686,1.075,0.00,32.144,1.040,0.00,30.993
2024/1/23 1:40,1,0,35.966,1.079,0.00,32.018,1.052,0.00,30.657
2024/1/23 1:45,1.022,0,35.141,1.089,0.00,31.739,1.076,0.00,29.957
2024/1/23 1:50,1.044,0,34.394,1.108,0.00,31.175,1.047,0.00,30.775
2024/1/23 1:55,1.015,0,35.365,1.103,0.00,31.323,1.044,0.00,30.874
2024/1/23 2:00,1.011,0,35.523,1.087,0.00,31.800,1.042,0.00,30.934
2024/1/23 2:05,1,0,43.255,1.124,0.00,30.731,1.038,0.00,31.069
2024/1/23 2:10,1,0,43.18,1.114,0.00,31.023,1.040,0.00,30.999
2024/1/23 2:15,1.031,0,34.818,1.111,0.00,31.112,1.051,0.00,30.666
2024/1/23 2:20,1.07,0,33.547,1.082,0.00,31.925,1.071,0.00,30.110
2024/1/23 2:25,1.069,0,33.601,1.049,0.00,32.951,1.070,0.00,30.125
2024/1/23 2:30,1.06,0,33.87,1.071,0.00,32.260,1.039,0.00,31.023
2024/1/23 2:35,1.06,0,33.867,1.064,0.00,32.491,1.028,0.00,31.350
2024/1/23 2:40,1.018,0,35.26,1.080,0.00,32.007,1.026,0.00,31.423
2024/1/23 2:45,1.014,0,35.395,1.121,0.00,30.814,1.038,0.00,31.064
2024/1/23 2:50,1.009,0,35.586,1.140,0.00,30.310,1.030,0.00,31.299
2024/1/23 2:55,1.009,0,35.597,1.140,0.00,30.303,1.039,0.00,31.020
2024/1/23 3:00,1.029,0,34.893,1.124,0.00,30.735,1.034,0.00,31.163
2024/1/23 3:05,1.045,0,34.363,1.098,0.00,31.465,1.025,0.00,31.453
2024/1/23 3:10,1.045,0,34.364,1.050,0.00,32.909,1.017,0.00,31.688
2024/1/23 3:15,1.034,0,34.741,1.054,0.00,32.783,1.026,0.00,31.420
2024/1/23 3:20,1.024,0,35.073,1.083,0.00,31.904,1.037,0.00,31.071
2024/1/23 3:25,1.026,0,34.999,1.071,0.00,32.253,1.052,0.00,30.633
2024/1/23 3:30,1.04,0,34.532,1.064,0.00,32.487,1.031,0.01,31.275
2024/1/23 3:35,1.103,0,32.568,1.070,0.00,32.279,1.055,0.00,30.566
2024/1/23 3:40,1.084,0,33.126,1.069,0.00,32.331,1.047,0.00,30.798
2024/1/23 3:45,1.039,0,34.551,1.063,0.00,32.521,1.039,0.00,31.041
2024/1/23 3:50,1.02,0,35.186,1.055,0.00,32.750,1.035,0.00,31.138
2024/1/23 3:55,1.019,0,35.227,1.034,0.00,33.420,1.041,0.00,30.970
2024/1/23 4:00,1.004,0,35.777,1.032,0.00,33.485,1.043,0.00,30.900
2024/1/23 4:05,1.005,0,35.727,1.026,0.00,33.693,1.058,0.00,30.478
2024/1/23 4:10,1.005,0,35.727,1.025,0.00,33.701,1.053,0.00,30.626
2024/1/23 4:15,1.033,0,34.76,1.054,0.00,32.771,1.080,0.00,29.857
2024/1/23 4:20,1.081,0,33.212,1.078,0.00,32.064,1.072,0.00,30.060
2024/1/23 4:25,1.073,0,33.466,1.089,0.00,31.733,1.014,0.00,31.792
2024/1/23 4:30,1.032,0,34.788,1.113,0.00,31.040,1.050,0.05,30.693
2024/1/23 4:35,1.01,0,35.567,1.085,0.00,31.861,1.058,0.05,30.474
2024/1/23 4:40,1.039,0,34.551,1.064,0.00,32.461,1.051,0.00,30.683
2024/1/23 4:45,1.075,0,33.417,1.065,0.00,32.448,1.022,0.00,31.531
2024/1/23 4:50,1.079,0,33.276,1.040,0.00,33.229,1.024,0.00,31.470
2024/1/23 4:55,1.096,0,32.76,1.028,0.00,33.628,1.041,0.00,30.965
2024/1/23 5:00,1.017,0,35.291,1.039,0.00,33.266,1.040,0.00,30.993
2024/1/23 5:05,1.001,0,35.873,1.067,0.00,32.384,1.052,0.00,30.656
2024/1/23 5:10,1,0,35.935,1.117,0.00,30.938,1.039,0.00,31.039
2024/1/23 5:15,1.028,0,34.933,1.138,0.00,30.364,1.015,0.00,31.759
2024/1/23 5:20,1.012,0,35.465,1.108,0.00,31.185,1.014,0.00,31.777
2024/1/23 5:25,1.021,0,35.154,1.083,0.00,31.908,1.026,0.00,31.423
2024/1/23 5:30,1.031,0,34.813,1.127,0.00,30.650,1.049,0.00,30.730
2024/1/23 5:35,1.046,0,34.326,1.128,0.00,30.623,1.073,0.00,30.044
2024/1/23 5:40,1.077,0,33.326,1.126,0.00,30.700,1.067,0.00,30.220
2024/1/23 5:45,1.082,0,33.192,1.157,0.00,29.859,1.041,0.00,30.961
2024/1/23 5:50,1.082,0,33.191,1.122,0.00,30.797,1.029,0.00,31.313
2024/1/23 5:55,1.102,0,32.584,1.092,0.00,31.652,1.040,0.00,31.008
2024/1/23 6:00,1.039,0,34.553,1.100,0.01,31.403,1.040,0.00,30.996
2024/1/23 6:05,1.018,0,35.258,1.134,0.00,30.460,1.043,0.00,30.903
2024/1/23 6:10,1.038,0,34.593,1.157,0.04,29.852,1.046,0.00,30.823
2024/1/23 6:15,1.05,0,34.183,1.189,0.03,29.060,1.099,0.00,29.343
2024/1/23 6:20,1.082,0,33.171,1.172,0.00,29.479,1.101,0.00,29.267
2024/1/23 6:25,1.101,0,32.599,1.153,0.00,29.977,1.105,0.00,29.164
2024/1/23 6:30,1.126,0,31.879,1.156,0.00,29.892,1.106,0.00,29.141
2024/1/23 6:35,1.117,0,32.133,1.167,0.00,29.600,1.102,0.00,29.249
2024/1/23 6:40,1.142,0,31.455,1.141,0.00,30.286,1.106,0.00,29.156
2024/1/23 6:45,1.135,0,31.64,1.118,0.00,30.899,1.094,0.00,29.467
2024/1/23 6:50,1.108,0,32.394,1.110,0.00,31.138,1.079,0.00,29.889
2024/1/23 6:55,1.105,0,32.483,1.121,0.00,30.816,1.057,0.00,30.486
2024/1/23 7:00,1.118,0,32.104,1.127,0.00,30.650,1.076,0.00,29.947
2024/1/23 7:05,1.087,0,33.044,1.132,0.00,30.528,1.130,0.00,28.521
2024/1/23 7:10,1.061,0,33.842,1.132,0.00,30.520,1.119,0.00,28.814
2024/1/23 7:15,1.07,0,33.564,1.139,0.00,30.324,1.101,0.00,29.266
2024/1/23 7:20,1.086,0,33.067,1.136,0.00,30.411,1.098,0.00,29.353
2024/1/23 7:25,1.104,0,32.513,1.134,0.00,30.484,1.096,0.00,29.408
2024/1/23 7:30,1.113,0,32.271,1.136,0.00,30.414,1.087,0.00,29.655
2024/1/23 7:35,1.087,0,33.027,1.127,0.00,30.655,1.092,0.00,29.517
2024/1/23 7:40,1.08,0,33.25,1.144,0.00,30.195,1.114,0.00,28.931
2024/1/23 7:45,1.078,0,33.313,1.216,0.14,28.417,1.152,0.00,27.995
2024/1/23 7:50,1.1,0,32.633,1.143,0.00,30.220,1.231,0.16,26.193
2024/1/23 7:55,1.108,0,32.411,1.141,0.00,30.295,1.282,0.18,25.139
2024/1/23 8:00,1.098,0,32.699,1.136,0.00,30.415,1.196,0.15,26.945
2024/1/23 8:05,1.099,0,32.687,1.121,0.00,30.829,1.115,0.00,28.898
2024/1/23 8:10,1.075,0,33.414,1.122,0.00,30.792,1.118,0.00,28.845
2024/1/23 8:15,1.126,0.01,31.902,1.127,0.00,30.653,1.261,0.21,25.560
2024/1/23 8:20,1.088,0,33.006,1.121,0.00,30.817,1.115,0.04,28.920
2024/1/23 8:25,1.071,0,33.533,1.126,0.00,30.676,1.088,0.01,29.632
2024/1/23 8:30,1.079,0,33.289,1.127,0.00,30.659,1.102,0.01,29.258
2024/1/23 8:35,1.096,0,32.752,1.121,0.00,30.815,1.081,0.00,29.815
2024/1/23 8:40,1.096,0,32.75,1.125,0.00,30.719,1.095,0.00,29.449
2024/1/23 8:45,1.094,0,32.815,1.118,0.00,30.895,1.104,0.00,29.205
2024/1/23 8:50,1.082,0,33.198,1.122,0.00,30.789,1.098,0.00,29.351
2024/1/23 8:55,1.092,0,32.88,1.122,0.00,30.788,1.167,0.10,27.631
2024/1/23 9:00,1.086,0,33.053,1.129,0.00,30.600,1.271,0.18,25.370
2024/1/23 9:05,1.103,0,32.561,1.123,0.00,30.769,1.270,0.20,25.383
2024/1/23 9:10,1.085,0,33.081,1.129,0.00,30.614,1.584,0.20,20.351
2024/1/23 9:15,1.092,0,32.892,1.125,0.00,30.702,1.188,0.10,27.140
2024/1/23 9:20,1.094,0,32.821,1.114,0.00,31.015,1.209,0.15,26.670
2024/1/23 9:25,1.096,0,32.771,1.115,0.00,30.991,1.512,0.20,21.325
2024/1/23 9:30,1.073,0,33.459,1.122,0.00,30.806,1.253,0.20,25.724
2024/1/23 9:35,1.087,0,33.035,1.132,0.00,30.528,1.284,0.20,25.114
2024/1/23 9:40,1.104,0,32.523,1.143,0.00,30.229,1.559,0.20,20.679
2024/1/23 9:45,1.094,0,32.82,1.144,0.00,30.208,1.374,0.20,23.458
2024/1/23 9:50,1.106,0,32.48,1.131,0.00,30.560,1.254,0.15,25.696
2024/1/23 9:55,1.1,0,32.648,1.123,0.00,30.770,1.273,0.19,25.315
2024/1/23 10:00,1.103,0,32.548,1.118,0.00,30.910,1.209,0.12,26.663
2024/1/23 10:05,1.095,0,32.792,1.131,0.00,30.555,1.321,0.20,24.410
2024/1/23 10:10,1.102,0,32.592,1.120,0.00,30.851,1.264,0.23,25.503
2024/1/23 10:15,1.089,0,32.958,1.128,0.00,30.640,1.257,0.22,25.651
2024/1/23 10:20,1.086,0,33.052,1.132,0.00,30.537,1.196,0.10,26.963
2024/1/23 10:25,1.092,0,32.885,1.130,0.00,30.573,1.162,0.04,27.732
2024/1/23 10:30,1.09,0,32.934,1.135,0.00,30.435,1.236,0.20,26.086
2024/1/23 10:35,1.105,0,32.491,1.125,0.00,30.702,1.249,0.20,25.803
2024/1/23 10:40,1.103,0,32.568,1.121,0.00,30.817,1.200,0.12,26.866
2024/1/23 10:45,1.082,0,33.186,1.119,0.00,30.888,1.111,0.00,29.010
2024/1/23 10:50,1.083,0,33.144,1.122,0.00,30.792,1.121,0.00,28.763
2024/1/23 10:55,1.078,0,33.31,1.124,0.00,30.732,1.116,0.00,28.877
2024/1/23 11:00,1.078,0,33.303,1.127,0.00,30.650,1.120,0.00,28.777
2024/1/23 11:05,1.066,0,33.69,1.139,0.00,30.346,1.125,0.00,28.664
2024/1/23 11:10,1.129,0,31.797,1.139,0.01,30.350,1.096,0.00,29.399
2024/1/23 11:15,1.095,0,32.791,1.154,0.00,29.931,1.097,0.00,29.373
2024/1/23 11:20,1.114,0,32.224,1.131,0.00,30.544,1.130,0.00,28.523
2024/1/23 11:25,1.091,0,32.911,1.122,0.00,30.788,1.099,0.00,29.343
2024/1/23 11:30,1.081,0,33.204,1.133,0.00,30.503,1.091,0.00,29.542
2024/1/23 11:35,1.087,0,33.023,1.123,0.00,30.779,1.098,0.00,29.351
2024/1/23 11:40,1.084,0,33.118,1.124,0.00,30.753,1.101,0.00,29.275
2024/1/23 11:45,1.072,0,33.502,1.131,0.00,30.547,1.090,0.00,29.576
2024/1/23 11:50,1.076,0,33.377,1.135,0.00,30.454,1.115,0.00,28.912
2024/1/23 11:55,1.076,0,33.362,1.128,0.00,30.632,1.113,0.00,28.955
2024/1/23 12:00,1.117,0,32.149,1.130,0.00,30.576,1.121,0.00,28.753
2024/1/23 12:05,1.106,0,32.459,1.135,0.00,30.440,1.121,0.00,28.747
2024/1/23 12:10,1.11,0,32.361,1.132,0.00,30.524,1.128,0.00,28.577
2024/1/23 12:15,1.092,0,32.874,1.140,0.00,30.312,1.105,0.00,29.170
2024/1/23 12:20,1.12,0,32.068,1.133,0.00,30.498,1.113,0.00,28.958
2024/1/23 12:25,1.117,0,32.132,1.128,0.00,30.626,1.127,0.00,28.616
2024/1/23 12:30,1.097,0,32.745,1.127,0.00,30.657,1.110,0.00,29.046
2024/1/23 12:35,1.101,0,32.619,1.134,0.00,30.466,1.099,0.00,29.339
2024/1/23 12:40,1.122,0,32,1.122,0.00,30.800,1.101,0.00,29.281
2024/1/23 12:45,1.105,0,32.509,1.136,0.00,30.426,1.118,0.00,28.833
2024/1/23 12:50,1.103,0,32.552,1.143,0.00,30.229,1.123,0.00,28.705
2024/1/23 12:55,1.109,0,32.379,1.139,0.00,30.349,1.108,0.00,29.105
2024/1/23 13:00,1.114,0,32.237,1.132,0.00,30.536,1.127,0.00,28.616
2024/1/23 13:05,1.101,0,32.601,1.132,0.00,30.524,1.119,0.00,28.807
2024/1/23 13:10,1.093,0,32.85,1.131,0.00,30.554,1.126,0.00,28.638
2024/1/23 13:15,1.098,0,32.707,1.138,0.00,30.375,1.131,0.00,28.509
2024/1/23 13:20,1.094,0,32.809,1.132,0.00,30.536,1.124,0.00,28.682
2024/1/23 13:25,1.092,0,32.873,1.139,0.00,30.334,1.104,0.00,29.198
2024/1/23 13:30,1.084,0,33.124,1.125,0.00,30.713,1.129,0.00,28.565
2024/1/23 13:35,1.08,0,33.253,1.122,0.00,30.808,1.132,0.00,28.476
2024/1/23 13:40,1.082,0,33.172,1.139,0.00,30.333,1.118,0.00,28.825
2024/1/23 13:45,1.089,0,32.975,1.121,0.00,30.817,1.094,0.00,29.464
2024/1/23 13:50,1.131,0,31.748,1.125,0.00,30.707,1.121,0.00,28.765
2024/1/23 13:55,1.123,0,31.972,1.134,0.00,30.466,1.126,0.00,28.622
2024/1/23 14:00,1.114,0,32.236,1.123,0.00,30.772,1.103,0.00,29.225
2024/1/23 14:05,1.085,0,33.081,1.131,0.00,30.557,1.117,0.00,28.851
2024/1/23 14:10,1.08,0,33.262,1.130,0.00,30.576,1.113,0.00,28.954
2024/1/23 14:15,1.089,0,32.978,1.133,0.00,30.487,1.117,0.00,28.858
2024/1/23 14:20,1.083,0,33.169,1.133,0.00,30.485,1.123,0.00,28.707
2024/1/23 14:25,1.088,0,33,1.129,0.00,30.600,1.122,0.00,28.730
2024/1/23 14:30,1.076,0,33.365,1.143,0.00,30.218,1.129,0.03,28.557
2024/1/23 14:35,1.072,0,33.509,1.145,0.00,30.167,1.115,0.00,28.908
2024/1/23 14:40,1.081,0,33.208,1.140,0.00,30.304,1.118,0.00,28.846
2024/1/23 14:45,1.098,0,32.71,1.123,0.00,30.774,1.086,0.00,29.671
2024/1/23 14:50,1.096,0,32.774,1.125,0.00,30.707,1.105,0.00,29.162
2024/1/23 14:55,1.087,0,33.041,1.125,0.00,30.721,1.107,0.00,29.120
2024/1/23 15:00,1.123,0,31.982,1.121,0.00,30.823,1.112,0.01,28.982
2024/1/23 15:05,1.12,0,32.058,1.124,0.00,30.739,1.113,0.00,28.954
2024/1/23 15:10,1.124,0,31.937,1.128,0.00,30.644,1.131,0.00,28.511
2024/1/23 15:15,1.099,0,32.672,1.123,0.00,30.765,1.111,0.00,29.022
2024/1/23 15:20,1.09,0,32.937,1.115,0.00,30.983,1.142,0.00,28.216
2024/1/23 15:25,1.107,0,32.431,1.122,0.00,30.794,1.131,0.00,28.507
2024/1/23 15:30,1.089,0,32.969,1.126,0.00,30.680,1.119,0.00,28.796
2024/1/23 15:35,1.089,0,32.986,1.130,0.00,30.572,1.128,0.00,28.582
2024/1/23 15:40,1.095,0,32.802,1.122,0.00,30.804,1.136,0.00,28.370
2024/1/23 15:45,1.086,0,33.057,1.134,0.00,30.472,1.242,0.17,25.959
2024/1/23 15:50,1.101,0,32.606,1.136,0.00,30.427,1.173,0.07,27.492
2024/1/23 15:55,1.113,0,32.27,1.135,0.00,30.454,1.129,0.00,28.544
2024/1/23 16:00,1.099,0,32.684,1.121,0.00,30.829,1.140,0.00,28.275
2024/1/23 16:05,1.095,0,32.794,1.110,0.00,31.126,1.122,0.00,28.724
2024/1/23 16:10,1.086,0,33.048,1.138,0.00,30.368,1.121,0.00,28.766
2024/1/23 16:15,1.101,0,32.617,1.138,0.00,30.366,1.134,0.01,28.432
2024/1/23 16:20,1.117,0,32.139,1.133,0.00,30.487,1.148,0.00,28.072
2024/1/23 16:25,1.102,0,32.585,1.132,0.00,30.528,1.157,0.00,27.861
2024/1/23 16:30,1.098,0,32.712,1.146,0.00,30.139,1.187,0.08,27.149
2024/1/23 16:35,1.113,0,32.257,1.140,0.00,30.317,1.231,0.22,26.186
2024/1/23 16:40,1.106,0,32.469,1.151,0.00,30.023,1.132,0.00,28.469
2024/1/23 16:45,1.104,0,32.535,1.159,0.00,29.821,1.117,0.00,28.858
2024/1/23 16:50,1.096,0,32.774,1.128,0.00,30.638,1.120,0.00,28.775
2024/1/23 16:55,1.099,0,32.68,1.119,0.00,30.871,1.142,0.00,28.229
2024/1/23 17:00,1.114,0,32.219,1.122,0.00,30.784,1.167,0.00,27.612
2024/1/23 17:05,1.126,0,31.895,1.141,0.00,30.288,1.133,0.00,28.448
2024/1/23 17:10,1.13,0,31.771,1.131,0.00,30.551,1.129,0.00,28.558
2024/1/23 17:15,1.122,0,31.989,1.250,0.08,27.649,1.126,0.00,28.629
2024/1/23 17:20,1.095,0,32.789,1.371,0.30,25.209,1.144,0.00,28.188
2024/1/23 17:25,1.088,0,33.009,1.469,0.30,23.527,1.130,0.00,28.517
2024/1/23 17:30,1.101,0,32.619,1.296,0.13,26.671,1.141,0.00,28.256
2024/1/23 17:35,1.102,0,32.585,1.161,0.00,29.769,1.119,0.00,28.808
2024/1/23 17:40,1.14,0,31.506,1.133,0.00,30.485,1.139,0.00,28.305
2024/1/23 17:45,1.095,0,32.798,1.266,0.12,27.304,1.128,0.00,28.566
2024/1/23 17:50,1.1,0,32.635,1.138,0.02,30.368,1.123,0.00,28.693
2024/1/23 17:55,1.104,0,32.517,1.131,0.00,30.557,1.129,0.00,28.541
2024/1/23 18:00,1.104,0,32.538,1.126,0.00,30.691,1.131,0.00,28.500
2024/1/23 18:05,1.09,0,32.93,1.118,0.00,30.893,1.125,0.00,28.648
2024/1/23 18:10,1.106,0,32.455,1.118,0.00,30.918,1.136,0.00,28.364
2024/1/23 18:15,1.108,0,32.413,1.138,0.00,30.359,1.138,0.00,28.320
2024/1/23 18:20,1.112,0,32.303,1.142,0.00,30.257,1.137,0.00,28.348
2024/1/23 18:25,1.102,0,32.574,1.131,0.00,30.547,1.113,0.00,28.961
2024/1/23 18:30,1.124,0,31.949,1.124,0.00,30.734,1.127,0.00,28.594
2024/1/23 18:35,1.109,0,32.392,1.128,0.00,30.645,1.139,0.00,28.305
2024/1/23 18:40,1.07,0,33.573,1.134,0.00,30.484,1.138,0.00,28.334
2024/1/23 18:45,1.089,0,32.978,1.135,0.00,30.455,1.148,0.00,28.080
2024/1/23 18:50,1.111,0,32.311,1.126,0.00,30.689,1.129,0.00,28.547
2024/1/23 18:55,1.109,0,32.365,1.118,0.00,30.894,1.119,0.00,28.811
2024/1/23 19:00,1.099,0,32.66,1.122,0.01,30.808,1.125,0.00,28.650
2024/1/23 19:05,1.092,0,32.889,1.125,0.01,30.715,1.148,0.06,28.092
2024/1/23 19:10,1.086,0,33.051,1.130,0.00,30.583,1.129,0.00,28.552
2024/1/23 19:15,1.109,0,32.373,1.115,0.00,30.988,1.120,0.00,28.793
2024/1/23 19:20,1.124,0,31.947,1.133,0.00,30.510,1.112,0.00,28.998
2024/1/23 19:25,1.106,0,32.46,1.154,0.00,29.933,1.124,0.00,28.668
2024/1/23 19:30,1.104,0,32.534,1.141,0.00,30.291,1.124,0.00,28.671
2024/1/23 19:35,1.099,0,32.687,1.095,0.00,31.542,1.124,0.00,28.692
2024/1/23 19:40,1.101,0,32.618,1.091,0.00,31.667,1.121,0.00,28.768
2024/1/23 19:45,1.096,0,32.764,1.107,0.00,31.211,1.122,0.00,28.730
2024/1/23 19:50,1.112,0,32.293,1.122,0.00,30.798,1.118,0.00,28.837
2024/1/23 19:55,1.097,0,32.746,1.116,0.00,30.966,1.120,0.00,28.772
2024/1/23 20:00,1.099,0,32.665,1.105,0.00,31.277,1.127,0.00,28.606
2024/1/23 20:05,1.089,0,32.962,1.108,0.00,31.173,1.124,0.00,28.685
2024/1/23 20:10,1.094,0,32.812,1.115,0.00,30.980,1.114,0.01,28.927
2024/1/23 20:15,1.089,0,32.984,1.106,0.00,31.242,1.103,0.00,29.235
2024/1/23 20:20,1.084,0,33.131,1.114,0.00,31.014,1.117,0.00,28.851
2024/1/23 20:25,1.087,0,33.025,1.102,0.00,31.365,1.110,0.00,29.034
2024/1/23 20:30,1.098,0,32.697,1.092,0.00,31.651,1.119,0.00,28.796
2024/1/23 20:35,1.091,0,32.917,1.081,0.02,31.959,1.125,0.00,28.659
2024/1/23 20:40,1.082,0,33.181,1.085,0.00,31.854,1.130,0.00,28.516
2024/1/23 20:45,1.082,0,33.196,1.099,0.00,31.428,1.130,0.00,28.539
2024/1/23 20:50,1.06,0,33.89,1.098,0.00,31.459,1.133,0.00,28.446
2024/1/23 20:55,1.059,0,33.899,1.086,0.00,31.823,1.128,0.00,28.583
2024/1/23 21:00,1.073,0,33.473,1.127,0.00,30.659,1.106,0.00,29.148
2024/1/23 21:05,1.063,0,33.769,1.140,0.00,30.305,1.111,0.00,29.011
2024/1/23 21:10,1.068,0,33.629,1.134,0.00,30.458,1.105,0.00,29.162
2024/1/23 21:15,1.073,0,33.477,1.123,0.00,30.761,1.099,0.00,29.336
2024/1/23 21:20,1.06,0,33.859,1.115,0.00,30.999,1.111,0.00,29.009
2024/1/23 21:25,1.083,0,33.145,1.111,0.00,31.111,1.114,0.00,28.942
2024/1/23 21:30,1.081,0,33.207,1.101,0.00,31.396,1.132,0.00,28.477
2024/1/23 21:35,1.079,0,33.293,1.109,0.00,31.154,1.101,0.00,29.272
2024/1/23 21:40,1.093,0,32.855,1.119,0.00,30.878,1.092,0.00,29.510
2024/1/23 21:45,1.082,0,33.178,1.097,0.00,31.497,1.090,0.00,29.577
2024/1/23 21:50,1.074,0,33.427,1.105,0.00,31.279,1.096,0.00,29.406
2024/1/23 21:55,1.085,0,33.092,1.105,0.00,31.278,1.101,0.00,29.289
2024/1/23 22:00,1.084,0,33.12,1.097,0.00,31.491,1.101,0.00,29.267
2024/1/23 22:05,1.085,0,33.104,1.092,0.05,31.628,1.097,0.00,29.381
2024/1/23 22:10,1.071,0,33.53,1.101,0.00,31.389,1.103,0.00,29.221
2024/1/23 22:15,1.104,0,32.535,1.118,0.00,30.898,1.098,0.00,29.365
2024/1/23 22:20,1.098,0,32.703,1.106,0.00,31.245,1.099,0.00,29.323
2024/1/23 22:25,1.082,0,33.193,1.100,0.00,31.426,1.094,0.00,29.476
2024/1/23 22:30,1.077,0,33.338,1.107,0.00,31.224,1.094,0.00,29.463
2024/1/23 22:35,1.035,0,34.709,1.113,0.00,31.047,1.079,0.00,29.870
2024/1/23 22:40,1.038,0,34.58,1.095,0.00,31.554,1.099,0.00,29.327
2024/1/23 22:45,1.037,0,34.631,1.068,0.00,32.340,1.095,0.00,29.431
2024/1/23 22:50,1.039,0,34.57,1.093,0.00,31.613,1.079,0.00,29.884
2024/1/23 22:55,1.048,0,34.253,1.108,0.00,31.190,1.067,0.00,30.206
2024/1/24 0:00,1.041,0,34.49,1.088,0.00,31.767,1.096,0.00,29.413
2024/1/24 0:05,1.047,0,34.297,1.090,0.00,31.696,1.087,0.00,29.667
2024/1/24 0:10,1.023,0,35.088,1.095,0.00,31.543,1.090,0.00,29.575
2024/1/24 0:15,1.032,0,34.809,1.105,0.00,31.273,1.095,0.00,29.440
2024/1/24 0:20,1.075,0,33.409,1.114,0.00,31.031,1.084,0.00,29.731
2024/1/24 0:25,1.064,0,33.762,1.111,0.00,31.102,1.089,0.00,29.611
2024/1/24 0:30,1.089,0,32.986,1.084,0.00,31.866,1.091,0.00,29.543
2024/1/24 0:35,1.11,0,32.345,1.073,0.00,32.208,1.062,0.00,30.353
2024/1/24 0:40,1.098,0,32.697,1.111,0.00,31.113,1.083,0.00,29.770
2024/1/24 0:45,1.045,0,34.362,1.090,0.00,31.688,1.079,0.00,29.876
2024/1/24 0:50,1.039,0,34.555,1.024,0.00,33.735,1.083,0.00,29.761
2024/1/24 0:55,1.03,0,34.875,1.064,0.02,32.478,1.078,0.00,29.894
2024/1/24 1:00,1.037,0,34.621,1.127,0.00,30.650,1.070,0.00,30.123
2024/1/24 1:05,1.045,0,34.355,1.148,0.00,30.108,1.068,0.00,30.188
2024/1/24 1:10,1.016,0,35.355,1.107,0.00,31.209,1.050,0.00,30.705
2024/1/24 1:15,1.027,0,34.947,1.081,0.00,31.975,1.048,0.00,30.752
2024/1/24 1:20,1.031,0,34.812,1.081,0.00,31.973,1.053,0.00,30.628
2024/1/24 1:25,1.027,0,34.954,1.097,0.00,31.511,1.048,0.00,30.765
2024/1/24 1:30,1.017,0,35.311,1.085,0.00,31.833,1.044,0.00,30.874
2024/1/24 1:35,1.035,0,34.685,1.115,0.00,30.991,1.044,0.00,30.886
2024/1/24 1:40,1.05,0,34.196,1.132,0.00,30.537,1.040,0.00,31.002
2024/1/24 1:45,1.028,0,34.925,1.103,0.00,31.334,1.063,0.00,30.329
2024/1/24 1:50,1.024,0,35.055,1.060,0.00,32.597,1.075,0.00,29.993
2024/1/24 1:55,1.018,0,35.282,1.061,0.00,32.567,1.060,0.00,30.415
2024/1/24 2:00,1.008,0,35.618,1.044,0.00,33.089,1.044,0.00,30.887
2024/1/24 2:05,1.008,0,35.635,1.083,0.00,31.907,1.044,0.00,30.891
2024/1/24 2:10,1.007,0,35.65,1.116,0.00,30.962,1.047,0.00,30.799
2024/1/24 2:15,1.02,0,35.214,1.075,0.00,32.129,1.048,0.00,30.756
2024/1/24 2:20,1.058,0,33.924,1.079,0.00,32.023,1.043,0.00,30.898
2024/1/24 2:25,1.079,0,33.275,1.063,0.00,32.502,1.043,0.00,30.904
2024/1/24 2:30,1.064,0,33.76,1.035,0.00,33.397,1.048,0.00,30.769
2024/1/24 2:35,1.028,0,34.921,1.010,0.00,34.215,1.045,0.00,30.836
2024/1/24 2:40,1.049,0,34.236,1.044,0.00,33.107,1.053,0.00,30.618
2024/1/24 2:45,1.047,0,34.286,1.072,0.00,32.234,1.056,0.00,30.530
2024/1/24 2:50,1.018,0,35.284,1.107,0.00,31.215,1.073,0.00,30.053
2024/1/24 2:55,1.041,0,34.49,1.105,0.00,31.259,1.063,0.00,30.314
2024/1/24 3:00,1.054,0,34.061,1.107,0.00,31.201,1.038,0.00,31.067
2024/1/24 3:05,1.028,0,34.932,1.112,0.00,31.060,1.045,0.00,30.835
2024/1/24 3:10,1.023,0,35.108,1.076,0.00,32.106,1.038,0.00,31.055
2024/1/24 3:15,1.036,0,34.664,1.042,0.00,33.154,1.041,0.00,30.955
2024/1/24 3:20,1.046,0,34.318,1.036,0.00,33.339,1.045,0.00,30.840
2024/1/24 3:25,1.06,0,33.872,1.051,0.00,32.877,1.043,0.00,30.906
2024/1/24 3:30,1.082,0,33.181,1.052,0.00,32.832,1.041,0.00,30.974
2024/1/24 3:35,1.075,0,33.399,1.045,0.00,33.077,1.032,0.00,31.245
2024/1/24 3:40,1.05,0,34.197,1.038,0.00,33.290,1.022,0.00,31.536
2024/1/24 3:45,1.04,0,34.528,1.057,0.00,32.690,1.042,0.00,30.947
2024/1/24 3:50,1.064,0,33.732,1.054,0.00,32.788,1.053,0.00,30.627
2024/1/24 3:55,1.066,0,33.695,1.074,0.00,32.170,1.064,0.01,30.300
2024/1/24 4:00,1.066,0,33.697,1.101,0.00,31.389,1.074,0.00,30.012
2024/1/24 4:05,1.058,0,33.942,1.105,0.00,31.265,1.054,0.00,30.592
2024/1/24 4:10,1.071,0,33.535,1.083,0.00,31.916,1.074,0.00,30.017
2024/1/24 4:15,1.052,0,34.13,1.059,0.00,32.626,1.060,0.00,30.405
2024/1/24 4:20,1.033,0,34.761,1.059,0.00,32.639,1.041,0.00,30.952
2024/1/24 4:25,1.062,0,33.809,1.072,0.00,32.233,1.040,0.00,31.009
2024/1/24 4:30,1.058,0,33.948,1.084,0.00,31.891,1.050,0.00,30.714
2024/1/24 4:35,1.036,0,34.646,1.064,0.00,32.467,1.045,0.00,30.839
2024/1/24 4:40,1.056,0,34.015,1.046,0.00,33.044,1.050,0.00,30.709
2024/1/24 4:45,1.037,0,34.619,1.058,0.00,32.674,1.035,0.00,31.133
2024/1/24 4:50,1.005,0,35.735,1.069,0.00,32.331,1.064,0.00,30.310
2024/1/24 4:55,1.009,0,35.603,1.056,0.00,32.724,1.057,0.00,30.507
2024/1/24 5:00,1.018,0,35.281,1.074,0.00,32.182,1.034,0.00,31.174
2024/1/24 5:05,1.013,0,35.45,1.104,0.00,31.308,1.029,0.00,31.325
2024/1/24 5:10,1,0,36.093,1.089,0.00,31.730,1.027,0.00,31.387
2024/1/24 5:15,1,0,36.027,1.134,0.00,30.467,1.033,0.00,31.217
2024/1/24 5:20,1.024,0,35.067,1.087,0.00,31.802,1.039,0.00,31.037
2024/1/24 5:25,1.02,0,35.198,1.073,0.00,32.212,1.045,0.00,30.837
2024/1/24 5:30,1.08,0,33.237,1.106,0.00,31.256,1.054,0.00,30.596
2024/1/24 5:35,1.095,0,32.782,1.130,0.00,30.590,1.055,0.00,30.548
2024/1/24 5:40,1.061,0,33.84,1.134,0.00,30.463,1.069,0.00,30.148
2024/1/24 5:45,1.012,0,35.487,1.154,0.03,29.950,1.083,0.00,29.756
2024/1/24 5:50,1.055,0,34.041,1.125,0.00,30.710,1.078,0.00,29.908
2024/1/24 5:55,1.067,0,33.656,1.117,0.00,30.934,1.073,0.00,30.044
2024/1/24 6:00,1.12,0,32.067,1.091,0.00,31.669,1.076,0.00,29.949
2024/1/24 6:05,1.071,0,33.536,1.125,0.01,30.711,1.085,0.00,29.709
2024/1/24 6:10,1.076,0,33.379,1.168,0.00,29.596,1.065,0.00,30.259
2024/1/24 6:15,1.103,0,32.555,1.184,0.00,29.178,1.075,0.00,29.997
2024/1/24 6:20,1.095,0,32.777,1.149,0.01,30.072,1.101,0.00,29.290
2024/1/24 6:25,1.079,0,33.286,1.109,0.00,31.171,1.117,0.00,28.863
2024/1/24 6:30,1.129,0,31.806,1.124,0.00,30.753,1.114,0.00,28.934
2024/1/24 6:35,1.107,0,32.434,1.146,0.00,30.157,1.113,0.00,28.969
2024/1/24 6:40,1.098,0,32.711,1.157,0.00,29.876,1.075,0.00,29.994
2024/1/24 6:45,1.14,0,31.491,1.154,0.00,29.954,1.092,0.00,29.530
2024/1/24 6:50,1.083,0,33.153,1.127,0.00,30.652,1.088,0.03,29.617
2024/1/24 6:55,1.067,0,33.647,1.124,0.00,30.733,1.100,0.03,29.310
2024/1/24 7:00,1.074,0,33.447,1.126,0.00,30.699,1.116,0.00,28.889
2024/1/24 7:05,1.096,0,32.754,1.128,0.00,30.635,1.094,0.00,29.458
2024/1/24 7:10,1.103,0,32.554,1.128,0.00,30.632,1.105,0.00,29.172
2024/1/24 7:15,1.1,0,32.643,1.129,0.00,30.611,1.127,0.03,28.602
2024/1/24 7:20,1.081,0,33.231,1.131,0.00,30.562,1.102,0.02,29.247
2024/1/24 7:25,1.11,0,32.362,1.127,0.00,30.661,1.104,0.00,29.187
2024/1/24 7:30,1.105,0,32.496,1.124,0.00,30.733,1.090,0.00,29.583
2024/1/24 7:35,1.085,0,33.103,1.120,0.00,30.846,1.107,0.00,29.131
2024/1/24 7:40,1.095,0,32.787,1.126,0.00,30.693,1.105,0.00,29.169
2024/1/24 7:45,1.108,0,32.404,1.128,0.00,30.645,1.128,0.03,28.574
2024/1/24 7:50,1.095,0,32.797,1.133,0.00,30.504,1.112,0.00,28.980
2024/1/24 7:55,1.091,0,32.906,1.127,0.00,30.665,1.153,0.04,27.958
2024/1/24 8:00,1.093,0,32.838,1.123,0.00,30.767,1.208,0.13,26.685
2024/1/24 8:05,1.086,0,33.078,1.124,0.00,30.746,1.207,0.14,26.699
2024/1/24 8:10,1.091,0,32.907,1.122,0.00,30.793,1.151,0.04,28.002
2024/1/24 8:15,1.096,0,32.747,1.142,0.00,30.260,1.127,0.00,28.611
2024/1/24 8:20,1.098,0,32.706,1.151,0.00,30.026,1.125,0.00,28.655
2024/1/24 8:25,1.11,0,32.36,1.127,0.00,30.668,1.141,0.00,28.256
2024/1/24 8:30,1.096,0,32.753,1.136,0.00,30.417,1.111,0.00,29.009
2024/1/24 8:35,1.098,0,32.696,1.117,0.00,30.939,1.099,0.00,29.340
2024/1/24 8:40,1.105,0,32.507,1.109,0.00,31.167,1.096,0.00,29.410
2024/1/24 8:45,1.091,0,32.916,1.124,0.00,30.750,1.119,0.02,28.803
2024/1/24 8:50,1.09,0,32.947,1.121,0.00,30.820,1.157,0.17,27.867
2024/1/24 8:55,1.083,0,33.166,1.105,0.00,31.283,1.121,0.08,28.768
2024/1/24 9:00,1.07,0,33.548,1.142,0.00,30.255,1.102,0.00,29.250
2024/1/24 9:05,1.085,0,33.1,1.133,0.00,30.503,1.126,0.00,28.618
2024/1/24 9:10,1.094,0,32.827,1.134,0.00,30.458,1.089,0.00,29.591
2024/1/24 9:15,1.08,0,33.244,1.135,0.00,30.454,1.106,0.00,29.150
2024/1/24 9:20,1.097,0,32.747,1.133,0.00,30.503,1.099,0.00,29.341
2024/1/24 9:25,1.09,0,32.942,1.128,0.00,30.623,1.088,0.00,29.628
2024/1/24 9:30,1.083,0,33.15,1.120,0.00,30.863,1.113,0.00,28.959
2024/1/24 9:35,1.075,0,33.407,1.119,0.00,30.890,1.269,0.20,25.402
2024/1/24 9:40,1.086,0,33.051,1.128,0.00,30.640,1.259,0.20,25.597
2024/1/24 9:45,1.065,0,33.714,1.134,0.00,30.481,1.267,0.20,25.440
2024/1/24 9:50,1.058,0,33.934,1.129,0.00,30.596,1.164,0.05,27.688
2024/1/24 9:55,1.115,0,32.197,1.124,0.00,30.750,1.223,0.15,26.366
2024/1/24 10:00,1.092,0,32.885,1.123,0.00,30.779,1.166,0.05,27.645
2024/1/24 10:05,1.079,0,33.286,1.126,0.00,30.700,1.144,0.00,28.174
2024/1/24 10:10,1.089,0,32.967,1.217,0.06,28.393,1.114,0.00,28.932
2024/1/24 10:15,1.092,0,32.872,1.123,0.00,30.761,1.111,0.00,29.019
2024/1/24 10:20,1.101,0,32.623,1.129,0.00,30.612,1.116,0.00,28.878
2024/1/24 10:25,1.086,0,33.071,1.138,0.00,30.369,1.235,0.14,26.102
2024/1/24 10:30,1.096,0,32.758,1.128,0.00,30.645,1.253,0.14,25.727
2024/1/24 10:35,1.085,0,33.088,1.126,0.00,30.680,1.128,0.00,28.584
2024/1/24 10:40,1.084,0,33.133,1.131,0.00,30.560,1.131,0.00,28.498
2024/1/24 10:45,1.094,0,32.812,1.125,0.00,30.720,1.101,0.00,29.287
2024/1/24 10:50,1.099,0,32.68,1.115,0.00,30.997,1.123,0.00,28.699
2024/1/24 10:55,1.087,0,33.042,1.131,0.00,30.543,1.117,0.00,28.852
2024/1/24 11:00,1.063,0,33.787,1.125,0.00,30.711,1.110,0.00,29.033
2024/1/24 11:05,1.083,0,33.14,1.131,0.00,30.548,1.126,0.00,28.626
2024/1/24 11:10,1.102,0,32.57,1.130,0.00,30.579,1.121,0.00,28.761
2024/1/24 11:15,1.114,0,32.244,1.122,0.00,30.792,1.123,0.00,28.696
2024/1/24 11:20,1.1,0,32.635,1.120,0.00,30.862,1.115,0.00,28.898
2024/1/24 11:25,1.077,0,33.354,1.116,0.00,30.960,1.106,0.00,29.142
2024/1/24 11:30,1.096,0,32.756,1.140,0.00,30.304,1.085,0.00,29.705
2024/1/24 11:35,1.109,0,32.369,1.130,0.00,30.567,1.093,0.00,29.506
2024/1/24 11:40,1.111,0,32.328,1.126,0.00,30.695,1.098,0.00,29.353
2024/1/24 11:45,1.101,0,32.612,1.124,0.00,30.742,1.117,0.00,28.861
2024/1/24 11:50,1.113,0,32.268,1.130,0.00,30.580,1.107,0.00,29.115
2024/1/24 11:55,1.108,0,32.417,1.135,0.00,30.455,1.105,0.00,29.175
2024/1/24 12:00,1.109,0,32.372,1.132,0.00,30.512,1.127,0.00,28.595
2024/1/24 12:05,1.103,0,32.566,1.127,0.00,30.665,1.115,0.00,28.904
2024/1/24 12:10,1.117,0,32.132,1.121,0.00,30.821,1.120,0.00,28.771
2024/1/24 12:15,1.118,0,32.104,1.122,0.00,30.798,1.128,0.00,28.583
2024/1/24 12:20,1.135,0,31.642,1.129,0.00,30.617,1.118,0.00,28.835
2024/1/24 12:25,1.078,0,33.304,1.136,0.00,30.421,1.097,0.00,29.396
2024/1/24 12:30,1.096,0,32.767,1.115,0.00,30.983,1.104,0.00,29.191
2024/1/24 12:35,1.103,0,32.559,1.119,0.00,30.882,1.106,0.00,29.149
2024/1/24 12:40,1.113,0,32.271,1.117,0.00,30.943,1.116,0.00,28.885
2024/1/24 12:45,1.119,0,32.1,1.132,0.00,30.538,1.139,0.00,28.302
2024/1/24 12:50,1.104,0,32.534,1.142,0.00,30.270,1.126,0.00,28.634
2024/1/24 12:55,1.083,0,33.146,1.127,0.00,30.652,1.115,0.00,28.907
2024/1/24 13:00,1.101,0,32.599,1.122,0.00,30.797,1.114,0.00,28.944
2024/1/24 13:05,1.108,0,32.409,1.123,0.00,30.770,1.108,0.00,29.092
2024/1/24 13:10,1.116,0,32.181,1.134,0.00,30.472,1.107,0.00,29.124
2024/1/24 13:15,1.126,0,31.896,1.114,0.00,31.011,1.114,0.00,28.943
2024/1/24 13:20,1.109,0,32.376,1.118,0.00,30.906,1.107,0.00,29.132
2024/1/24 13:25,1.112,0,32.289,1.134,0.00,30.479,1.124,0.00,28.690
2024/1/24 13:30,1.116,0,32.189,1.127,0.00,30.666,1.117,0.00,28.870
2024/1/24 13:35,1.125,0,31.922,1.141,0.00,30.281,1.114,0.00,28.927
2024/1/24 13:40,1.12,0,32.055,1.125,0.00,30.706,1.116,0.00,28.898
2024/1/24 13:45,1.107,0,32.426,1.129,0.00,30.613,1.113,0.00,28.971
2024/1/24 13:50,1.11,0,32.336,1.148,0.00,30.089,1.120,0.00,28.780
2024/1/24 13:55,1.105,0,32.491,1.125,0.00,30.711,1.130,0.00,28.531
2024/1/24 14:00,1.118,0,32.11,1.136,0.00,30.417,1.105,0.00,29.176
2024/1/24 14:05,1.117,0,32.133,1.172,0.03,29.476,1.200,0.09,26.866
2024/1/24 14:10,1.086,0,33.052,1.200,0.04,28.784,1.168,0.04,27.603
2024/1/24 14:15,1.099,0,32.687,1.161,0.02,29.765,1.147,0.00,28.113
2024/1/24 14:20,1.092,0,32.879,1.127,0.00,30.654,1.119,0.00,28.797
2024/1/24 14:25,1.096,0,32.775,1.127,0.00,30.653,1.113,0.00,28.962
2024/1/24 14:30,1.114,0,32.233,1.146,0.01,30.152,1.113,0.00,28.966
2024/1/24 14:35,1.097,0,32.728,1.137,0.00,30.396,1.113,0.00,28.974
2024/1/24 14:40,1.106,0,32.463,1.128,0.00,30.623,1.113,0.00,28.951
2024/1/24 14:45,1.096,0,32.769,1.128,0.00,30.624,1.143,0.00,28.201
2024/1/24 14:50,1.087,0,33.048,1.129,0.00,30.592,1.107,0.00,29.120
2024/1/24 14:55,1.098,0,32.701,1.116,0.00,30.960,1.108,0.00,29.092
2024/1/24 15:00,1.12,0,32.062,1.116,0.00,30.973,1.100,0.00,29.299
2024/1/24 15:05,1.114,0,32.219,1.127,0.00,30.659,1.098,0.00,29.347
2024/1/24 15:10,1.094,0,32.81,1.126,0.00,30.685,1.111,0.00,29.023
2024/1/24 15:15,1.111,0,32.312,1.115,0.00,30.990,1.121,0.00,28.753
2024/1/24 15:20,1.102,0,32.588,1.125,0.00,30.714,1.127,0.00,28.614
2024/1/24 15:25,1.088,0,32.994,1.127,0.00,30.663,1.122,0.00,28.732
2024/1/24 15:30,1.102,0,32.584,1.170,0.00,29.541,1.112,0.00,28.995
2024/1/24 15:35,1.09,0,32.957,1.150,0.02,30.036,1.142,0.00,28.231
2024/1/24 15:40,1.069,0,33.575,1.118,0.00,30.894,1.136,0.00,28.385
2024/1/24 15:45,1.094,0,32.814,1.120,0.00,30.864,1.125,0.00,28.662
2024/1/24 15:50,1.123,0,31.978,1.128,0.00,30.643,1.135,0.00,28.397
2024/1/24 15:55,1.093,0,32.854,1.121,0.00,30.821,1.124,0.00,28.682
2024/1/24 16:00,1.093,0,32.849,1.122,0.00,30.793,1.140,0.00,28.272
2024/1/24 16:05,1.106,0,32.478,1.114,0.00,31.010,1.138,0.00,28.315
2024/1/24 16:10,1.108,0,32.404,1.124,0.00,30.734,1.138,0.00,28.330
2024/1/24 16:15,1.093,0,32.846,1.129,0.00,30.617,1.127,0.00,28.603
2024/1/24 16:20,1.115,0,32.193,1.127,0.00,30.655,1.140,0.00,28.277
2024/1/24 16:25,1.113,0,32.274,1.123,0.00,30.765,1.111,0.00,29.008
2024/1/24 16:30,1.09,0,32.937,1.131,0.00,30.539,1.125,0.01,28.643
2024/1/24 16:35,1.086,0,33.071,1.135,0.00,30.450,1.136,0.00,28.373
2024/1/24 16:40,1.089,0,32.987,1.141,0.00,30.272,1.157,0.00,27.851
2024/1/24 16:45,1.118,0,32.126,1.129,0.00,30.615,1.128,0.00,28.585
2024/1/24 16:50,1.117,0.01,32.148,1.142,0.00,30.266,1.152,0.00,27.995
2024/1/24 16:55,1.106,0,32.456,1.153,0.00,29.978,1.155,0.00,27.921
2024/1/24 17:00,1.114,0,32.239,1.154,0.00,29.940,1.125,0.00,28.647
2024/1/24 17:05,1.139,0,31.519,1.150,0.00,30.053,1.150,0.00,28.042
2024/1/24 17:10,1.151,0.01,31.195,1.141,0.01,30.288,1.173,0.00,27.493
2024/1/24 17:15,1.13,0,31.79,1.154,0.00,29.945,1.146,0.00,28.124
2024/1/24 17:20,1.116,0,32.17,1.169,0.00,29.552,1.140,0.00,28.272
2024/1/24 17:25,1.134,0,31.677,1.137,0.00,30.382,1.139,0.00,28.312
2024/1/24 17:30,1.137,0,31.585,1.140,0.00,30.312,1.160,0.00,27.778
2024/1/24 17:35,1.117,0.06,32.146,1.142,0.00,30.245,1.147,0.00,28.103
2024/1/24 17:40,1.13,0.03,31.774,1.137,0.00,30.385,1.153,0.00,27.966
2024/1/24 17:45,1.097,0,32.73,1.135,0.00,30.436,1.146,0.00,28.122
2024/1/24 17:50,1.097,0,32.74,1.161,0.01,29.767,1.138,0.00,28.325
2024/1/24 17:55,1.104,0,32.528,1.131,0.00,30.563,1.137,0.00,28.358
2024/1/24 18:00,1.093,0,32.843,1.148,0.00,30.108,1.127,0.00,28.595
2024/1/24 18:05,1.096,0,32.761,1.153,0.00,29.972,1.128,0.00,28.572
2024/1/24 18:10,1.123,0,31.973,1.171,0.01,29.517,1.146,0.00,28.118
2024/1/24 18:15,1.106,0,32.472,1.170,0.03,29.527,1.126,0.00,28.616
2024/1/24 18:20,1.104,0,32.539,1.141,0.00,30.286,1.138,0.00,28.328
2024/1/24 18:25,1.092,0,32.889,1.131,0.00,30.553,1.140,0.00,28.282
2024/1/24 18:30,1.078,0,33.297,1.133,0.00,30.506,1.132,0.00,28.480
2024/1/24 18:35,1.101,0,32.628,1.136,0.04,30.420,1.138,0.00,28.326
2024/1/24 18:40,1.116,0,32.161,1.130,0.01,30.578,1.117,0.00,28.868
2024/1/24 18:45,1.112,0,32.297,1.122,0.00,30.791,1.150,0.00,28.039
2024/1/24 18:50,1.131,0,31.75,1.112,0.00,31.068,1.129,0.00,28.557
2024/1/24 18:55,1.113,0,32.259,1.117,0.00,30.948,1.142,0.00,28.223
2024/1/24 19:00,1.099,0,32.673,1.129,0.00,30.605,1.133,0.00,28.445
2024/1/24 19:05,1.09,0,32.945,1.120,0.00,30.854,1.123,0.00,28.710
2024/1/24 19:10,1.091,0,32.9,1.112,0.00,31.087,1.104,0.00,29.203
2024/1/24 19:15,1.093,0,32.851,1.123,0.00,30.768,1.119,0.00,28.800
2024/1/24 19:20,1.099,0,32.658,1.125,0.00,30.726,1.127,0.00,28.591
2024/1/24 19:25,1.103,0,32.561,1.103,0.00,31.331,1.137,0.00,28.348
2024/1/24 19:30,1.112,0,32.3,1.122,0.00,30.786,1.134,0.00,28.425
2024/1/24 19:35,1.127,0,31.851,1.129,0.00,30.605,1.117,0.00,28.850
2024/1/24 19:40,1.117,0,32.134,1.123,0.00,30.773,1.121,0.00,28.758
2024/1/24 19:45,1.12,0,32.059,1.117,0.00,30.941,1.120,0.00,28.782
2024/1/24 19:50,1.104,0,32.526,1.106,0.00,31.237,1.125,0.00,28.644
2024/1/24 19:55,1.096,0,32.756,1.110,0.00,31.124,1.129,0.00,28.551
2024/1/24 20:00,1.08,0,33.248,1.101,0.00,31.396,1.126,0.00,28.629
2024/1/24 20:05,1.096,0,32.77,1.093,0.00,31.611,1.129,0.00,28.565
2024/1/24 20:10,1.098,0,32.691,1.106,0.00,31.238,1.132,0.00,28.469
2024/1/24 20:15,1.106,0,32.479,1.118,0.00,30.904,1.114,0.00,28.947
2024/1/24 20:20,1.084,0,33.135,1.123,0.00,30.778,1.127,0.00,28.606
2024/1/24 20:25,1.094,0,32.823,1.102,0.00,31.366,1.131,0.00,28.503
2024/1/24 20:30,1.099,0,32.665,1.102,0.00,31.358,1.128,0.00,28.587
2024/1/24 20:35,1.084,0,33.112,1.110,0.00,31.134,1.123,0.00,28.702
2024/1/24 20:40,1.1,0,32.632,1.107,0.00,31.219,1.119,0.00,28.813
2024/1/24 20:45,1.093,0,32.864,1.111,0.00,31.110,1.135,0.00,28.409
2024/1/24 20:50,1.095,0,32.791,1.119,0.00,30.875,1.121,0.00,28.767
2024/1/24 20:55,1.122,0,32.017,1.111,0.00,31.101,1.122,0.00,28.730
2024/1/24 21:00,1.101,0,32.599,1.096,0.00,31.532,1.119,0.00,28.797
2024/1/24 21:05,1.106,0,32.47,1.119,0.00,30.888,1.115,0.00,28.913
2024/1/24 21:10,1.085,0,33.099,1.119,0.00,30.868,1.112,0.00,28.992
2024/1/24 21:15,1.091,0,32.918,1.128,0.00,30.623,1.118,0.00,28.828
2024/1/24 21:20,1.098,0,32.708,1.111,0.00,31.105,1.106,0.00,29.155
2024/1/24 21:25,1.092,0,32.871,1.119,0.00,30.879,1.105,0.00,29.181
2024/1/24 21:30,1.095,0,32.784,1.134,0.00,30.474,1.100,0.00,29.293
2024/1/24 21:35,1.112,0,32.291,1.116,0.00,30.954,1.108,0.00,29.083
2024/1/24 21:40,1.117,0,32.132,1.098,0.00,31.465,1.107,0.00,29.109
2024/1/24 21:45,1.111,0,32.327,1.099,0.00,31.454,1.092,0.00,29.514
2024/1/24 21:50,1.116,0,32.181,1.117,0.00,30.942,1.099,0.00,29.337
2024/1/24 21:55,1.116,0,32.188,1.120,0.00,30.840,1.095,0.00,29.446
2024/1/24 22:00,1.085,0,33.079,1.107,0.00,31.202,1.103,0.00,29.227
2024/1/24 22:05,1.07,0,33.556,1.097,0.00,31.491,1.090,0.00,29.563
2024/1/24 22:10,1.084,0,33.116,1.070,0.01,32.303,1.108,0.00,29.096
2024/1/24 22:15,1.074,0,33.432,1.050,0.00,32.895,1.108,0.00,29.103
2024/1/24 22:20,1.075,0,33.416,1.033,0.00,33.434,1.096,0.00,29.402
2024/1/24 22:25,1.095,0,32.802,1.040,0.00,33.212,1.103,0.00,29.218
2024/1/24 22:30,1.091,0,32.905,1.051,0.00,32.865,1.088,0.00,29.636
2024/1/24 22:35,1.05,0,34.203,1.057,0.00,32.679,1.094,0.00,29.476
2024/1/24 22:40,1.061,0,33.842,1.049,0.00,32.946,1.096,0.00,29.408
2024/1/24 22:45,1.094,0,32.831,1.064,0.00,32.485,1.054,0.00,30.588
2024/1/24 22:50,1.087,0,33.02,1.091,0.00,31.681,1.062,0.00,30.350
